id,title,time,notes,status
1,guhi,2025-05-16T12:00:00,kugiuh,confirmed
1,sdfghjkl,2025-05-16T12:00:00,,pending
2,jvhgv,2025-05-21T12:00:00,",n jm",confirmed
1,dsb,2025-05-22T12:00:00,,pending
APT-1755515595-4468,erge,2025-08-13T12:00:00,whbs,cancelled
APT-1755517993-4552,sadam,2025-08-20T12:00:00,sudyfguy,pending
APT-1755595178-9917,hguyguy g,2025-08-28T12:00:00,iuhiu,pending
APT-1755666003-5027,sdefrtgyhu,2025-08-22T12:00:00,,pending
APT-1755669656-9390,dfgtyhjukl,2025-08-23T12:00:00,,pending
APT-1755672286-3413,dfgtyhjukl,2025-08-29T12:00:00,,pending
